{"cameraMode":{"drawMode":0,"name":"Shaded","section":"Shading Mode"},"sceneLighting":false,"audioPlay":false,"sceneViewState":{"showFog":true,"showMaterialUpdate":false,"showSkybox":false,"showFlares":true,"showImageEffects":true,"showParticleSystems":true},"in2DMode":false,"pivot":{"x":6.919326305389404,"y":54.560001373291019,"z":-8.041309356689454},"rotation":{"x":-0.22616614401340486,"y":-0.15930896997451783,"z":0.03752511739730835,"w":-0.9602646231651306},"size":2.8578836917877199,"orthographic":false}