{"cameraMode":{"drawMode":0,"name":"Shaded","section":"Shading Mode"},"sceneLighting":true,"audioPlay":false,"sceneViewState":{"showFog":true,"showMaterialUpdate":false,"showSkybox":true,"showFlares":true,"showImageEffects":true,"showParticleSystems":true},"in2DMode":false,"pivot":{"x":3.459909439086914,"y":-5.386523723602295,"z":2.340068817138672},"rotation":{"x":-0.13828784227371217,"y":0.8491969108581543,"z":-0.2727794051170349,"w":-0.4305083453655243},"size":30.589962005615236,"orthographic":false}