{"cameraMode":{"drawMode":0,"name":"Shaded","section":"Shading Mode"},"sceneLighting":true,"audioPlay":false,"sceneViewState":{"showFog":true,"showMaterialUpdate":false,"showSkybox":true,"showFlares":true,"showImageEffects":true,"showParticleSystems":true},"in2DMode":false,"pivot":{"x":-12.238102912902832,"y":-0.5987968444824219,"z":-14.218795776367188},"rotation":{"x":0.14873765408992768,"y":-0.09566043317317963,"z":0.014459032565355301,"w":0.9841366410255432},"size":19.07354164123535,"orthographic":false}