{"cameraMode":{"drawMode":0,"name":"Shaded","section":"Shading Mode"},"sceneLighting":true,"audioPlay":false,"sceneViewState":{"showFog":true,"showMaterialUpdate":false,"showSkybox":true,"showFlares":true,"showImageEffects":true,"showParticleSystems":true},"in2DMode":false,"pivot":{"x":-3.6114068031311037,"y":-5068.62841796875,"z":14942.4990234375},"rotation":{"x":-0.18965913355350495,"y":-0.012709568254649639,"z":0.002341526560485363,"w":-0.9818763136863709},"size":39.3785285949707,"orthographic":false}